 Country ,Density_P_Km2 , Abbreviation , Agricultural_Land_percent , Land_Area_km2 , Armed_Forces_size , Birth_Rate , Calling_Code , Capital_Major_City , Co2_Emissions , CPI , CPI_Change_percent , Currency_Code , Fertility_Rate , Forested_Area_percent , Gasoline_Price , GDP , Gross_primary_education_enrollment , Gross_tertiary_education_enrollment_percent , Infant_mortality , Largest_city , Life_expectancy , Maternal_mortality_ratio , Minimum_wage , Official language , Out_of_pocket_health_expenditure_percent , Physicians_per_thousand , Population , Population_Labor_force_participation_percent , Tax_revenue_percent , Total_tax_rate , Unemployment_rate , Urban_population , Latitude , Longitude 
 Afghanistan ,60, AF ,0.58,"652,230","323,000",32.49,93, Kabul ,"8,672.00",149.9,0.02, AFN ,4.47,0.02,0.7,"19,101,353,833.00",1.04,0.1,47.9, Kabul ,64.5,638,0.43, Pashto ,0.78,0.28,"38,041,754.00",0.49,0.09,0.71,0.11,"9,797,273.00",33.94,67.71
 Albania ,105, AL ,0.43,"28,748","9,000",11.78,355, Tirana ,"4,536.00",119.05,0.01, ALL ,1.62,0.28,1.36,"15,278,077,447.00",1.07,0.55,7.8, Tirana ,78.5,15,1.12, Albanian ,0.57,1.2,"2,854,191.00",0.56,0.19,0.37,0.12,"1,747,593.00",41.15,20.17
 Algeria ,18, DZ ,0.17,"2,381,741","317,000",24.28,213, Algiers ,"150,006.00",151.36,0.02, DZD ,3.02,0.01,0.28,"169,988,236,398.00",1.1,0.51,20.1, Algiers ,76.7,112,0.95, Arabic ,0.28,1.72,"43,053,054.00",0.41,0.37,0.66,0.12,"31,510,100.00",28.03,1.66
 Andorra ,164, AD ,0.4,468,,7.2,376, Andorra la Vella ,469,,, EUR ,1.27,0.34,1.51,"3,154,057,987.00",1.06,,2.7, Andorra la Vella ,,,6.63, Catalan ,0.36,3.33,"77,142.00",,,,,"67,873.00",42.51,1.52
 Angola ,26, AO ,0.48,"1,246,700","117,000",40.73,244, Luanda ,"34,693.00",261.73,0.17, AOA ,5.52,0.46,0.97,"94,635,415,870.00",1.14,0.09,51.6, Luanda ,60.8,241,0.71, Portuguese ,0.33,0.21,"31,825,295.00",0.78,0.09,0.49,0.07,"21,061,025.00",-11.2,17.87
 Antigua and Barbuda ,223, AG ,0.21,443,,15.33,1," St. John's, Saint John ",557,113.81,0.01, XCD ,1.99,0.22,0.99,"1,727,759,259.00",1.05,0.25,5," St. John's, Saint John ",76.9,42,3.04, English ,0.24,2.76,"97,118.00",,0.17,0.43,,"23,800.00",17.06,-61.8
 Argentina ,17, AR ,0.54,"2,780,400","105,000",17.02,54, Buenos Aires ,"201,348.00",232.75,0.54, ARS ,2.26,0.1,1.1,"449,663,446,954.00",1.1,0.9,8.8, Buenos Aires ,76.5,39,3.35, Spanish ,0.18,3.96,"44,938,712.00",0.61,0.1,1.06,0.1,"41,339,571.00",-38.42,-63.62
 Armenia ,104, AM ,0.59,"29,743","49,000",13.99,374, Yerevan ,"5,156.00",129.18,0.01, AMD ,1.76,0.12,0.77,"13,672,802,158.00",0.93,0.55,11, Yerevan ,74.9,26,0.66, Armenian ,0.82,4.4,"2,957,731.00",0.56,0.21,0.23,0.17,"1,869,848.00",40.07,45.04
 Australia ,3, AU ,0.48,"7,741,220","58,000",12.6,61, Canberra ,"375,908.00",119.8,0.02, AUD ,1.74,0.16,0.93,"1,392,680,589,329.00",1,1.13,3.1, Sydney ,82.7,6,13.59, None ,0.2,3.68,"25,766,605.00",0.66,0.23,0.47,0.05,"21,844,756.00",-25.27,133.78
 Austria ,109, AT ,0.32,"83,871","21,000",9.7,43, Vienna ,"61,448.00",118.06,0.02, EUR ,1.47,0.47,1.2,"446,314,739,528.00",1.03,0.85,2.9, Vienna ,81.6,5,, German ,0.18,5.17,"8,877,067.00",0.61,0.25,0.51,0.05,"5,194,416.00",47.52,14.55
 Azerbaijan ,123, AZ ,0.58,"86,600","82,000",14,994, Baku ,"37,620.00",156.32,0.03, AZN ,1.73,0.14,0.56,"39,207,000,000.00",1,0.28,19.2, Baku ,72.9,26,0.47, Azerbaijani language ,0.79,3.45,"10,023,318.00",0.67,0.13,0.41,0.06,"5,616,165.00",40.14,47.58
 The Bahamas ,39, BS ,0.01,"13,880","1,000",13.97,1," Nassau, Bahamas ","1,786.00",116.22,0.03,,1.75,0.51,0.92,"12,827,000,000.00",0.81,0.15,8.3," Nassau, Bahamas ",73.8,70,5.25, English ,0.28,1.94,"389,482.00",0.75,0.15,0.34,0.1,"323,784.00",25.03,-77.4
 Bahrain ,"2,239.00", BH ,0.11,765,"19,000",13.99,973, Manama ,"31,694.00",117.59,0.02, BHD ,1.99,0.01,0.43,"38,574,069,149.00",0.99,0.51,6.1, Riffa ,77.2,14,, Arabic ,0.25,0.93,"1,501,635.00",0.73,0.04,0.14,0.01,"1,467,109.00",26.07,50.56
 Bangladesh ,"1,265.00", BD ,0.71,"148,460","221,000",18.18,880, Dhaka ,"84,246.00",179.68,0.06, BDT ,2.04,0.11,1.12,"302,571,254,131.00",1.17,0.21,25.1, Dhaka ,72.3,173,0.51, Bengali ,0.72,0.58,"167,310,838.00",0.59,0.09,0.33,0.04,"60,987,417.00",23.68,90.36
 Barbados ,668, BB ,0.23,430,"1,000",10.65,1, Bridgetown ,"1,276.00",134.09,0.04, BBD ,1.62,0.15,1.81,"5,209,000,000.00",0.99,0.65,11.3, Bridgetown ,79.1,27,3.13, English ,0.45,2.48,"287,025.00",0.65,0.28,0.36,0.1,"89,431.00",13.19,-59.54
 Belarus ,47, BY ,0.42,"207,600","155,000",9.9,375, Minsk ,"58,280.00",,0.06, BYN ,1.45,0.43,0.6,"63,080,457,023.00",1.01,0.87,2.6, Minsk ,74.2,2,1.49, Russian ,0.35,5.19,"9,466,856.00",0.64,0.15,0.53,0.05,"7,482,982.00",53.71,27.95
 Belgium ,383, BE ,0.45,"30,528","32,000",10.3,32, City of Brussels ,"96,889.00",117.11,0.01, EUR ,1.62,0.23,1.43,"529,606,710,418.00",1.04,0.8,2.9, Brussels ,81.6,5,10.31, French ,0.18,3.07,"11,484,055.00",0.54,0.24,0.55,0.06,"11,259,082.00",50.5,4.47
 Belize ,17, BZ ,0.07,"22,966","2,000",20.79,501, Belmopan ,568,105.68,-0.01, BZD ,2.31,0.6,1.13,"1,879,613,600.00",1.12,0.25,11.2, Belize City ,74.5,36,1.65, English ,0.23,1.12,"390,353.00",0.65,0.26,0.31,0.06,"179,039.00",17.19,-88.5
 Benin ,108, BJ ,0.33,"112,622","12,000",36.22,229, Porto-Novo ,"6,476.00",110.71,-0.01, XOF ,4.84,0.38,0.72,"14,390,709,095.00",1.22,0.12,60.5, Cotonou ,61.5,397,0.39, French ,0.41,0.08,"11,801,151.00",0.71,0.11,0.49,0.02,"5,648,149.00",9.31,2.32
 Bhutan ,20, BT ,0.14,"38,394","6,000",17.26,975, Thimphu ,"1,261.00",167.18,0.03,,1.98,0.73,0.98,"2,446,674,101.00",1,0.16,24.8, Thimphu ,71.5,183,0.32, Dzongkha ,0.2,0.42,"727,145.00",0.67,0.16,0.35,0.02,"317,538.00",27.51,90.43
 Bolivia ,11, BO ,0.35,"1,098,581","71,000",21.75,591, Sucre ,"21,606.00",148.32,0.02, BOB ,2.73,0.5,0.71,"40,895,322,865.00",0.98,,21.8, Santa Cruz de la Sierra ,71.2,155,1.36, Spanish ,0.26,1.59,"11,513,100.00",0.72,0.17,0.84,0.04,"8,033,035.00",-16.29,-63.59
 Bosnia and Herzegovina ,64, BA ,0.43,"51,197","11,000",8.11,387, Sarajevo ,"21,848.00",104.9,0.01, BAM ,1.27,0.43,1.05,"20,047,848,435.00",,0.23,5, Tuzla Canton ,77.3,10,1.04, Bosnian ,0.29,2.16,"3,301,000.00",0.46,0.2,0.24,0.18,"1,605,144.00",43.92,17.68
 Botswana ,4, BW ,0.46,"581,730","9,000",24.82,267, Gaborone ,"6,340.00",149.75,0.03, BWP ,2.87,0.19,0.71,"18,340,510,789.00",1.03,0.25,30, Gaborone ,69.3,144,0.29, English ,0.05,0.37,"2,346,179.00",0.71,0.2,0.25,0.18,"1,616,550.00",-22.33,24.68
 Brazil ,25, BR ,0.34,"8,515,770","730,000",13.92,55, Bras��� ,"462,299.00",167.4,0.04, BRL ,1.73,0.59,1.02,"1,839,758,040,766.00",1.15,0.51,12.8, S���� ,75.7,60,1.53, Portuguese ,0.28,2.15,"212,559,417.00",0.64,0.14,0.65,0.12,"183,241,641.00",-14.24,-51.93
Brunei Darussalam,83, BN ,0.03,"5,765","8,000",14.9,673, Bandar Seri Begawan ,"7,664.00",99.03,0, BND ,1.85,0.72,0.37,"13,469,422,941.00",1.03,0.31,9.8,,75.7,31,, Malay ,0.06,1.61,"433,285.00",0.65,,0.08,0.09,"337,711.00",4.54,114.73
 Bulgaria ,64, BG ,0.46,"110,879","31,000",8.9,359, Sofia ,"41,708.00",114.42,0.03, BGN ,1.56,0.35,1.11,"86,000,000,000.00",0.89,0.71,5.9, Sofia ,74.9,10,1.57, Bulgarian ,0.48,4.03,"6,975,761.00",0.55,0.2,0.28,0.04,"5,256,027.00",42.73,25.49
 Burkina Faso ,76, BF ,0.44,"274,200","11,000",37.93,226, Ouagadougou ,"3,418.00",106.58,-0.03, XOF ,5.19,0.19,0.98,"15,745,810,235.00",0.96,0.07,49, Ouagadougou ,61.2,320,0.34, French ,0.36,0.08,"20,321,378.00",0.66,0.15,0.41,0.06,"6,092,349.00",12.24,-1.56
 Burundi ,463, BI ,0.79,"27,830","31,000",39.01,257, Bujumbura ,495,182.11,-0.01, BIF ,5.41,0.11,1.21,"3,012,334,882.00",1.21,0.06,41, Bujumbura ,61.2,548,, Kirundi ,0.19,0.1,"11,530,580.00",0.79,0.14,0.41,0.01,"1,541,177.00",-3.37,29.92
 Côte d'Ivoire ,83, CI ,0.65,"322,463","27,000",35.74,225, Yamoussoukro ,"9,674.00",111.61,-0.01, XOF ,4.65,0.33,0.93,"58,792,205,642.00",1,0.09,59.4, Abidjan ,57.4,617,0.36, French ,0.36,0.23,"25,716,544.00",0.57,0.12,0.5,0.03,"13,176,900.00",7.54,-5.55
 Cape Verde ,138, CV ,0.2,"4,033","1,000",19.49,238, Praia ,543,110.5,0.01, CVE ,2.27,0.23,1.02,"1,981,845,741.00",1.04,0.24,16.7, Praia ,72.8,58,0.68, Portuguese ,0.23,0.77,"483,628.00",0.61,0.2,0.38,0.12,"364,029.00",16.54,-23.04
 Cambodia ,95, KH ,0.31,"181,035","191,000",22.46,855, Phnom Penh ,"9,919.00",127.63,0.03,,2.5,0.53,0.9,"27,089,389,787.00",1.07,0.14,24, Phnom Penh ,69.6,160,, Khmer language ,0.59,0.17,"16,486,542.00",0.82,0.17,0.23,0.01,"3,924,621.00",12.57,104.99
 Cameroon ,56, CM ,0.21,"475,440","24,000",35.39,237, Yaound� ,"8,291.00",118.65,0.03, XAF ,4.57,0.39,1.03,"38,760,467,033.00",1.03,0.13,50.6, Douala ,58.9,529,0.35, French ,0.7,0.09,"25,876,380.00",0.76,0.13,0.58,0.03,"14,741,256.00",7.37,12.35
 Canada ,4, CA ,0.07,"9,984,670","72,000",10.1,1, Ottawa ,"544,894.00",116.76,0.02, CAD ,1.5,0.38,0.81,"1,736,425,629,520.00",1.01,0.69,4.3, Toronto ,81.9,10,9.51, French ,0.15,2.61,"36,991,981.00",0.65,0.13,0.25,0.06,"30,628,482.00",56.13,-106.35
 Central African Republic ,8, CF ,0.08,"622,984","8,000",35.35,236, Bangui ,297,186.86,0.37,,4.72,0.36,1.41,"2,220,307,369.00",1.02,0.03,84.5, Bangui ,52.8,829,0.37, French ,0.4,0.06,"4,745,185.00",0.72,0.09,0.73,0.04,"1,982,064.00",6.61,20.94
 Chad ,13, TD ,0.4,"1,284,000","35,000",42.17,235, N'Djamena ,"1,016.00",117.7,-0.01, XAF ,5.75,0.04,0.78,"11,314,951,343.00",0.87,0.03,71.4, N'Djamena ,54,"1,140.00",0.6, French ,0.56,0.04,"15,946,876.00",0.71,,0.64,0.02,"3,712,273.00",15.45,18.73
 Chile ,26, CL ,0.21,"756,096","122,000",12.43,56, Santiago ,"85,822.00",131.91,0.03, CLP ,1.65,0.24,1.03,"282,318,159,745.00",1.01,0.89,6.2, Santiago ,80,13,2, Spanish ,0.32,2.59,"18,952,038.00",0.63,0.18,0.34,0.07,"16,610,135.00",-35.68,-71.54
 People's Republic of China ,153, CN ,0.56,"9,596,960","2,695,000",10.9,86, Beijing ,"9,893,038.00",125.08,0.03, CNY ,1.69,0.22,0.96,"19,910,000,000,000.00",1,0.51,7.4, Shanghai ,77,29,0.87, Standard Chinese ,0.32,1.98,"1,397,715,000.00",0.68,0.09,0.59,0.04,"842,933,962.00",35.86,104.2
 Colombia ,46, CO ,0.4,"1,138,910","481,000",14.88,57, Bogot� ,"97,814.00",140.95,0.04, COP ,1.81,0.53,0.68,"323,802,808,108.00",1.15,0.55,12.2, Bogot� ,77.1,83,1.23, Spanish ,0.18,2.18,"50,339,443.00",0.69,0.14,0.71,0.1,"40,827,302.00",4.57,-74.3
 Comoros ,467, KM ,0.72,"2,235",,31.88,269," Moroni, Comoros ",202,103.62,-0.04, KMF ,4.21,0.2,,"1,185,728,677.00",1,0.09,51.3," Moroni, Comoros ",64.1,273,0.71, French ,0.75,0.27,"850,886.00",0.43,,2.2,0.04,"248,152.00",-11.65,43.33
Congo ,16,,0.31,"342,000","12,000",32.86,242, Brazzaville ,"3,282.00",124.74,0.02, XAF ,4.43,0.65,0.97,"10,820,591,131.00",1.07,0.13,36.2, Brazzaville ,64.3,378,0.88, French ,0.44,0.12,"5,380,508.00",0.69,0.09,0.54,0.09,"3,625,010.00",-0.23,15.83
 Costa Rica ,100, CR ,0.35,"51,100","10,000",13.97,506, San Jos������ ,"8,023.00",128.85,0.02, CRC ,1.75,0.55,0.98,"61,773,944,174.00",1.13,0.55,7.6, San Jos������ ,80.1,27,1.84, Spanish ,0.22,2.89,"5,047,561.00",0.62,0.14,0.58,0.12,"4,041,885.00",9.75,-83.75
 Croatia ,73, HR ,0.28,"56,594","18,000",9,385, Zagreb ,"17,488.00",109.82,0.01, HRK ,1.47,0.34,1.26,"60,415,553,039.00",0.97,0.68,4, Zagreb ,78.1,8,2.92, Croatian ,0.15,3,"4,067,500.00",0.51,0.22,0.21,0.07,"2,328,318.00",45.1,15.2
 Cuba ,106, CU ,0.6,"110,860","76,000",10.17,53, Havana ,"28,284.00",,, CUP ,1.62,0.31,1.4,"100,023,000,000.00",1.02,0.41,3.7, Havana ,78.7,36,0.05, Spanish ,,8.42,"11,333,483.00",0.54,,,0.02,"8,739,135.00",21.52,-77.78
 Cyprus ,131, CY ,0.12,"9,251","16,000",10.46,357, Nicosia ,"6,626.00",102.51,0, EUR ,1.33,0.19,1.23,"24,564,647,935.00",0.99,0.76,1.9, Statos������� ,80.8,6,, Greek ,0.44,1.95,"1,198,575.00",0.63,0.25,0.22,0.07,"800,708.00",35.13,33.43
 Czechia ,139, CZ ,0.45,"78,867","23,000",10.7,420, Prague ,"102,218.00",116.48,0.03, CZK ,1.69,0.35,1.17,"246,489,245,495.00",1.01,0.64,2.7, Prague ,79,3,3, Czech ,0.15,4.12,"10,669,709.00",0.61,0.15,0.46,0.02,"7,887,156.00",49.82,15.47
 Democratic Republic of the Congo ,40, CD ,0.12,"2,344,858","134,000",41.18,243, Kinshasa ,"2,021.00",133.85,0.03, CDF ,5.92,0.67,1.49,"47,319,624,204.00",1.08,0.07,68.2, Kinshasa ,60.4,473,0.18, French ,0.37,0.07,"86,790,567.00",0.64,0.11,0.51,0.04,"39,095,679.00",-4.04,21.76
 Denmark ,137, DK ,0.62,"43,094","15,000",10.6,45, Copenhagen ,"31,786.00",110.35,0.01, DKK ,1.73,0.15,1.55,"348,078,018,464.00",1.01,0.81,3.6, Copenhagen ,81,4,, Danish ,0.14,4.01,"5,818,553.00",0.62,0.32,0.24,0.05,"5,119,978.00",56.26,9.5
 Djibouti ,43, DJ ,0.73,"23,200","13,000",21.47,253, Djibouti City ,620,120.25,0.03, DJF ,2.73,0,1.32,"3,318,716,359.00",0.75,0.05,49.8, Djibouti City ,66.6,248,, French ,0.2,0.22,"973,560.00",0.6,,0.38,0.1,"758,549.00",11.83,42.59
 Dominica ,96, DM ,0.33,751,,12,1, Roseau ,180,103.87,0.01, XCD ,1.9,0.57,,"596,033,333.00",1.15,0.07,32.9, Roseau ,76.6,,1.48, English ,0.28,1.08,"71,808.00",,0.22,0.33,,"50,830.00",15.41,-61.37
 Dominican Republic ,225, DO ,0.49,"48,670","71,000",19.51,1, Santo Domingo ,"25,258.00",135.5,0.02, DOP ,2.35,0.42,1.07,"88,941,298,258.00",1.06,0.6,24.1, Santo Domingo ,73.9,95,0.4, Spanish ,0.44,1.56,"10,738,958.00",0.64,0.13,0.49,0.06,"8,787,475.00",18.74,-70.16
 Ecuador ,71, EC ,0.22,"283,561","41,000",19.72,593, Quito ,"41,155.00",124.14,0, USD ,2.43,0.5,0.61,"107,435,665,000.00",1.03,0.45,12.2, Quito ,76.8,59,2.46, Spanish ,0.44,2.04,"17,373,662.00",0.68,,0.34,0.04,"11,116,711.00",-1.83,-78.18
 Egypt ,103, EG ,0.04,"1,001,450","836,000",26.38,20, Cairo ,"238,560.00",288.57,0.09, EGP ,3.33,0,0.4,"303,175,127,598.00",1.06,0.35,18.1, Cairo ,71.8,37,, Modern Standard Arabic ,0.62,0.45,"100,388,073.00",0.46,0.13,0.44,0.11,"42,895,824.00",26.82,30.8
 El Salvador ,313, SV ,0.76,"21,041","42,000",18.25,503, San Salvador ,"7,169.00",111.23,0,,2.04,0.13,0.83,"27,022,640,000.00",0.95,0.29,11.8, San Salvador ,73.1,46,0.5, Spanish ,0.28,1.57,"6,453,553.00",0.59,0.18,0.36,0.04,"4,694,702.00",13.79,-88.9
 Equatorial Guinea ,50, GQ ,0.1,"28,051","1,000",33.24,240, Malabo ,"5,655.00",124.35,0.01, XAF ,4.51,0.56,,"11,026,774,945.00",0.62,0.02,62.6, Malabo ,58.4,301,1.05, Spanish ,0.72,0.4,"1,355,986.00",0.62,0.06,0.79,0.06,"984,812.00",1.65,10.27
 Eritrea ,35, ER ,0.75,"117,600","202,000",30.3,291, Asmara ,711,,, ERN ,4.06,0.15,2,"2,065,001,626.00",0.68,0.03,31.3, Asmara ,65.9,480,, Tigrinya ,0.52,0.06,"6,333,135.00",0.78,,0.84,0.05,"1,149,670.00",15.18,39.78
 Estonia ,31, EE ,0.23,"45,228","6,000",10.9,372, Tallinn ,"16,590.00",122.14,0.02, EUR ,1.59,0.51,1.14,"31,386,949,981.00",0.97,0.7,2.1, Tallinn ,78.2,9,3.14, Estonian ,0.23,4.48,"1,331,824.00",0.64,0.21,0.48,0.05,"916,024.00",58.6,25.01
 Eswatini ,67,,,"17,364",,,268, Mbabane ,,,,,,,,"3,791,304,348.00",,,, Mbabane ,,,, English ,0.11,,"1,093,238.00",,0.29,,,,-26.52,31.47
 Ethiopia ,115, ET ,0.36,"1,104,300","138,000",32.34,251, Addis Ababa ,"14,870.00",143.86,0.16, ETB ,4.25,0.13,0.75,"96,107,662,398.00",1.01,0.08,39.1, Addis Ababa ,66.2,401,, Amharic ,0.38,0.08,"112,078,730.00",0.8,0.08,0.38,0.02,"23,788,710.00",9.15,40.49
 Fiji ,49, FJ ,0.23,"18,274","4,000",21.28,679, Suva ,"2,046.00",132.3,0.02, FJD ,2.77,0.56,0.82,"5,535,548,972.00",1.06,0.16,21.6, Suva ,67.3,34,1.28, Fiji Hindi ,0.21,0.84,"889,953.00",0.58,0.24,0.32,0.04,"505,048.00",-17.71,178.07
 Finland ,18, FI ,0.08,"338,145","25,000",8.6,358, Helsinki ,"45,871.00",112.33,0.01, EUR ,1.41,0.73,1.45,"268,761,201,365.00",1,0.88,1.4, Helsinki ,81.7,3,, Swedish ,0.2,3.81,"5,520,314.00",0.59,0.21,0.37,0.07,"4,716,888.00",61.92,25.75
 France ,119, FR ,0.52,"643,801","307,000",11.3,33, Paris ,"303,276.00",110.05,0.01, EUR ,1.88,0.31,1.39,"2,715,518,274,227.00",1.03,0.66,3.4, Paris ,82.5,8,11.16, French ,0.07,3.27,"67,059,887.00",0.55,0.24,0.61,0.08,"54,123,364.00",46.23,2.21
 Gabon ,9, GA ,0.2,"267,667","7,000",31.61,241, Libreville ,"5,321.00",122.19,0.02, XAF ,3.97,0.9,0.92,"16,657,960,228.00",1.4,0.08,32.7, Libreville ,66.2,252,1.46, French ,0.26,0.68,"2,172,579.00",0.53,0.1,0.47,0.2,"1,949,694.00",-0.8,11.61
 The Gambia ,239, GM ,0.6,"11,300","1,000",38.54,220, Banjul ,532,172.73,0.07, GMD ,5.22,0.48,1.18,"1,763,819,048.00",0.98,0.03,39, Serekunda ,61.7,597,0.13, English ,0.2,0.1,"2,347,706.00",0.59,0.09,0.48,0.09,"1,453,958.00",13.44,-15.31
 Georgia ,57, GE ,0.35,"69,700","26,000",13.47,995, Tbilisi ,"10,128.00",133.61,0.05, GEL ,2.06,0.41,0.76,"17,743,195,770.00",0.99,0.64,8.7, Tbilisi ,73.6,25,0.05, Georgian ,0.57,7.12,"3,720,382.00",0.68,0.22,0.1,0.14,"2,196,476.00",42.32,43.36
 Germany ,240, DE ,0.48,"357,022","180,000",9.5,49, Berlin ,"727,973.00",112.85,0.01, EUR ,1.56,0.33,1.39,"3,845,630,030,824.00",1.04,0.7,3.1, Berlin ,80.9,7,9.99, German ,0.13,4.25,"83,132,799.00",0.61,0.12,0.49,0.03,"64,324,835.00",51.17,10.45
 Ghana ,137, GH ,0.69,"238,533","16,000",29.41,233, Accra ,"16,670.00",268.36,0.07, GHS ,3.87,0.41,0.92,"66,983,634,224.00",1.05,0.16,34.9, Accra ,63.8,308,0.27, English ,0.36,0.14,"30,792,608.00",0.68,0.13,0.55,0.04,"17,249,054.00",7.95,-1.02
 Greece ,81, GR ,0.48,"131,957","146,000",8.1,30, Athens ,"62,434.00",101.87,0, EUR ,1.35,0.32,1.54,"209,852,761,469.00",1,1.37,3.6, Macedonia ,81.3,3,4.46, Greek ,0.36,5.48,"10,716,322.00",0.52,0.26,0.52,0.17,"8,507,474.00",39.07,21.82
 Grenada ,331, GD ,0.24,349,,16.47,1," St. George's, Grenada ",268,107.43,0.01, XCD ,2.06,0.5,1.12,"1,228,170,370.00",1.07,1.05,13.7," St. George's, Grenada ",72.4,25,, English ,0.57,1.41,"112,003.00",,0.19,0.48,,"40,765.00",12.12,-61.68
 Guatemala ,167, GT ,0.36,"108,889","43,000",24.56,502, Guatemala City ,"16,777.00",142.92,0.04, GTQ ,2.87,0.33,0.79,"76,710,385,880.00",1.02,0.22,22.1, Guatemala City ,74.1,95,1.6, Spanish ,0.56,0.35,"16,604,026.00",0.62,0.11,0.35,0.02,"8,540,945.00",15.78,-90.23
 Guinea ,53, GN ,0.59,"245,857","13,000",36.36,224, Conakry ,"2,996.00",262.95,0.1, GNF ,4.7,0.26,0.9,"13,590,281,809.00",0.92,0.12,64.9, Kankan ,61.2,576,, French ,0.55,0.08,"12,771,246.00",0.62,0.11,0.69,0.04,"4,661,505.00",9.95,-9.7
Guinea Bissau,70, GW ,0.58,"36,125","4,000",35.13,245, Bissau ,293,111.65,0.01, XOF ,4.48,0.7,,"1,340,389,411.00",1.19,0.03,54, Bissau ,58,667,0.16, Portuguese ,0.37,0.13,"1,920,922.00",0.72,0.1,0.46,0.02,"840,922.00",11.8,-15.18
 Guyana ,4, GY ,0.09,"214,969","3,000",19.97,592," Georgetown, Guyana ","2,384.00",116.19,0.02, GYD ,2.46,0.84,0.9,"4,280,443,645.00",0.98,0.12,25.1," Georgetown, Guyana ",69.8,169,0.98, English ,0.41,0.8,"782,766.00",0.56,,0.31,0.12,"208,912.00",4.86,-58.93
 Haiti ,414, HT ,0.67,"27,750",,24.35,509, Port-au-Prince ,"2,978.00",179.29,0.13, HTG ,2.94,0.04,0.81,"8,498,981,821.00",1.14,0.01,49.5, Port-au-Prince ,63.7,480,0.25, French ,0.36,0.23,"11,263,077.00",0.67,,0.43,0.14,"6,328,948.00",18.97,-72.29
 Vatican City ,"2,003.00",,,,,,379, Vatican City ,,,, EUR ,,,,,,,,,,,, Italian ,,,836,,,,,,41.9,12.45
 Honduras ,89, HN ,0.29,"112,090","23,000",21.6,504, Tegucigalpa ,"9,813.00",150.34,0.04, HNL ,2.46,0.4,0.98,"25,095,395,475.00",0.92,0.26,15.1, Tegucigalpa ,75.1,65,1.01, Spanish ,0.49,0.31,"9,746,117.00",0.69,0.17,0.39,0.05,"5,626,433.00",15.2,-86.24
 Hungary ,107, HU ,0.58,"93,028","40,000",9.6,36, Budapest ,"45,537.00",121.64,0.03, HUF ,1.54,0.23,1.18,"160,967,157,504.00",1.01,0.49,3.6, Budapest ,75.8,12,2.62, Hungarian ,0.29,3.41,"9,769,949.00",0.57,0.23,0.38,0.03,"6,999,582.00",47.16,19.5
 Iceland ,3, IS ,0.19,"103,000",,12,354, Reykjav�� ,"2,065.00",129,0.03, ISK ,1.71,0.01,1.69,"24,188,035,739.00",1,0.72,1.5, Reykjav�� ,82.7,4,, Icelandic ,0.17,4.08,"361,313.00",0.75,0.23,0.32,0.03,"339,110.00",64.96,-19.02
 India ,464, IN ,0.6,"3,287,263","3,031,000",17.86,91, New Delhi ,"2,407,672.00",180.44,0.08, INR ,2.22,0.24,0.97,"2,611,000,000,000.00",1.13,0.28,29.9, Kurebhar ,69.4,145,0.3, Hindi ,0.65,0.86,"1,366,417,754.00",0.49,0.11,0.5,0.05,"471,031,528.00",20.59,78.96
 Indonesia ,151, ID ,0.32,"1,904,569","676,000",18.07,62, Jakarta ,"563,325.00",151.18,0.03, IDR ,2.31,0.5,0.63,"1,119,190,780,753.00",1.06,0.36,21.1, Kalimantan ,71.5,177,0.48, Indonesian ,0.48,0.43,"270,203,917.00",0.68,0.1,0.3,0.05,"151,509,724.00",-0.79,113.92
 Islamic Republic of Iran ,52, IR ,0.28,"1,648,195","563,000",18.78,98, Tehran ,"661,710.00",550.93,0.4, IRR ,2.14,0.07,0.4,"445,345,282,123.00",1.11,0.68,12.4, Tehran ,76.5,16,1.58, Persian ,0.4,1.58,"82,913,906.00",0.45,0.07,0.45,0.11,"62,509,623.00",32.43,53.69
 Iraq ,93, IQ ,0.21,"438,317","209,000",29.08,964, Baghdad ,"190,061.00",119.86,0, IQD ,3.67,0.02,0.61,"234,094,042,939.00",1.09,0.16,22.5, Baghdad ,70.5,79,1.24, Arabic ,0.77,0.71,"39,309,783.00",0.43,0.02,0.31,0.13,"27,783,368.00",33.22,43.68
 Ireland ,72,,0.65,"70,273","9,000",12.5,353, Dublin ,"37,711.00",106.58,0.01, EUR ,1.75,0.11,1.37,"388,698,711,348.00",1.01,0.78,3.1, Connacht ,82.3,5,10.79, Irish ,0.15,3.31,"5,007,069.00",0.62,0.18,0.26,0.05,"3,133,123.00",53.41,-8.24
 Israel ,400, IL ,0.25,"20,770","178,000",20.8,972, Jerusalem ,"65,166.00",108.15,0.01, ILS ,3.09,0.08,1.57,"395,098,666,122.00",1.05,0.63,3, Jerusalem ,82.8,3,7.58, Hebrew ,0.24,4.62,"9,053,300.00",0.64,0.23,0.25,0.04,"8,374,393.00",31.05,34.85
 Italy ,206, IT ,0.43,"301,340","347,000",7.3,39, Rome ,"320,411.00",110.62,0.01, EUR ,1.29,0.32,1.61,"2,001,244,392,042.00",1.02,0.62,2.6, Rome ,82.9,2,, Italian ,0.23,3.98,"60,297,396.00",0.5,0.24,0.59,0.1,"42,651,966.00",41.87,12.57
 Jamaica ,273, JM ,0.41,"10,991","4,000",16.1,"1,876.00"," Kingston, Jamaica ","8,225.00",162.47,0.04, JMD ,1.98,0.31,1.11,"16,458,071,068.00",0.91,0.27,12.4," Kingston, Jamaica ",74.4,80,1.33, Jamaican English ,0.24,1.31,"2,948,279.00",0.66,0.27,0.35,0.08,"1,650,594.00",18.11,-77.3
 Japan ,347, JP ,0.12,"377,944","261,000",7.4,81, Tokyo ,"1,135,886.00",105.48,0.01,,1.42,0.69,1.06,"5,081,769,542,380.00",0.99,0.63,1.8, Tokyo ,84.2,5,6.77, None ,0.13,2.41,"126,226,568.00",0.62,0.12,0.47,0.02,"115,782,416.00",36.2,138.25
 Jordan ,115, JO ,0.12,"89,342","116,000",21.98,962, Amman ,"25,108.00",125.6,0.01, JOD ,2.76,0.01,1.1,"43,743,661,972.00",0.82,0.34,13.9, Amman ,74.4,46,1.49, Arabic ,0.25,2.32,"10,101,694.00",0.39,0.15,0.29,0.15,"9,213,048.00",30.59,36.24
 Kazakhstan ,7, KZ ,0.8,"2,724,900","71,000",21.77,7, Astana ,"247,207.00",182.75,0.05, KZT ,2.84,0.01,0.42,"180,161,741,180.00",1.04,0.62,8.8, Almaty ,73.2,10,0.41, Russian ,0.39,3.25,"18,513,930.00",0.69,0.12,0.28,0.05,"10,652,915.00",48.02,66.92
 Kenya ,94, KE ,0.49,"580,367","29,000",28.75,254, Nairobi ,"17,910.00",180.51,0.05, KES ,3.49,0.08,0.95,"95,503,088,538.00",1.03,0.12,30.6, Nairobi ,66.3,342,0.25, Swahili ,0.33,0.16,"52,573,973.00",0.75,0.15,0.37,0.03,"14,461,523.00",-0.02,37.91
 Kiribati ,147, KI ,0.42,811,,27.89,686, South Tarawa ,66,99.55,0.01, AUD ,3.57,0.15,,"194,647,202.00",1.01,,41.2, South Tarawa ,68.1,92,, English ,0,0.2,"117,606.00",,0.22,0.33,,"64,489.00",1.84,-157.38
 Kuwait ,240, KW ,0.08,"17,818","25,000",13.94,965, Kuwait City ,"98,734.00",126.6,0.01, KWD ,2.08,0,0.35,"134,761,198,946.00",0.92,0.54,6.7, Kuwait City ,75.4,12,0.95, Modern Standard Arabic ,0.14,2.58,"4,207,083.00",0.74,0.01,0.13,0.02,"4,207,083.00",29.31,47.48
 Kyrgyzstan ,34, KG ,0.55,"199,951","21,000",27.1,996, Bishkek ,"9,787.00",155.68,0.01, KGS ,3.3,0.03,0.56,"8,454,619,608.00",1.08,0.41,16.9, Bishkek ,71.4,60,0.09, Russian ,0.48,1.88,"6,456,900.00",0.6,0.18,0.29,0.06,"2,362,644.00",41.2,74.77
Lao People's Democratic Republic,32, LA ,0.1,"236,800","129,000",23.55,856, Vientiane ,"17,763.00",135.87,0.03, LAK ,2.67,0.82,0.93,"18,173,839,128.00",1.02,0.15,37.6, Vientiane ,67.6,185,0.83, Lao ,0.45,0.37,"7,169,455.00",0.79,0.13,0.24,0.01,"2,555,552.00",19.86,102.5
 Latvia ,30, LV ,0.31,"64,589","6,000",10,371, Riga ,"7,004.00",116.86,0.03, EUR ,1.6,0.54,1.16,"34,117,202,555.00",0.99,0.88,3.3, Riga ,74.7,19,2.8, Latvian ,0.42,3.19,"1,912,789.00",0.61,0.23,0.38,0.07,"1,304,943.00",56.88,24.6
 Lebanon ,667, LB ,0.64,"10,400","80,000",17.55,961, Beirut ,"24,796.00",130.02,0.03, LBP ,2.09,0.13,0.74,"53,367,042,272.00",0.95,0.26,6.4," Tripoli, Lebanon ",78.9,29,2.15, Arabic ,0.32,2.1,"6,855,713.00",0.47,0.15,0.32,0.06,"6,084,994.00",33.85,35.86
 Lesotho ,71, LS ,0.78,"30,355","2,000",26.81,266, Maseru ,"2,512.00",155.86,0.05,,3.14,0.02,0.7,"2,460,072,444.00",1.21,0.1,65.7, Maseru ,53.7,544,0.41, English ,0.17,0.07,"2,125,268.00",0.68,0.32,0.14,0.23,"607,508.00",-29.61,28.23
 Liberia ,53, LR ,0.28,"111,369","2,000",33.04,231, Monrovia ,"1,386.00",223.13,0.24,,4.32,0.43,0.8,"3,070,518,100.00",0.85,0.12,53.5, Monrovia ,63.7,661,0.17, English ,0.2,0.04,"4,937,374.00",0.76,0.13,0.46,0.03,"2,548,426.00",6.43,-9.43
 Libya ,4, LY ,0.09,"1,759,540",,18.83,218,,"50,564.00",125.71,0.03, LYD ,2.24,0,0.11,"52,076,250,948.00",1.09,0.61,10.2,,72.7,72,1.88, Arabic ,0.37,2.09,"6,777,452.00",0.5,,0.33,0.19,"5,448,597.00",26.34,17.23
 Liechtenstein ,238, LI ,0.32,160,,9.9,423, Vaduz ,51,,, CHF ,1.44,0.43,1.74,"6,552,858,739.00",1.05,0.36,, Schaan ,83,,, German ,,,"38,019.00",,,0.22,,"5,464.00",47.14,9.52
 Lithuania ,43, LT ,0.47,"65,300","34,000",10,370, Vilnius ,"12,963.00",118.38,0.02, EUR ,1.63,0.35,1.16,"54,219,315,600.00",1.04,0.72,3.3, Vilnius ,75.7,8,2.41, Lithuanian ,0.32,6.35,"2,786,844.00",0.62,0.17,0.43,0.06,"1,891,013.00",55.17,23.88
 Luxembourg ,242, LU ,0.54,"2,586","2,000",10.3,352, Luxembourg City ,"8,988.00",115.09,0.02, EUR ,1.37,0.36,1.19,"71,104,919,108.00",1.02,0.19,1.9, Luxembourg City ,82.1,5,13.05, Luxembourgish ,0.11,3.01,"645,397.00",0.59,0.27,0.2,0.05,"565,488.00",49.82,6.13
 Madagascar ,48, MG ,0.71,"587,041","22,000",32.66,261, Antananarivo ,"3,905.00",184.33,0.06, MGA ,4.08,0.21,1.11,"14,083,906,357.00",1.43,0.05,38.2, Antananarivo ,66.7,335,0.21, French ,0.22,0.18,"26,969,307.00",0.86,0.1,0.38,0.02,"10,210,849.00",-18.77,46.87
 Malawi ,203, MW ,0.61,"118,484","15,000",34.12,265, Lilongwe ,"1,298.00",418.34,0.09, MWK ,4.21,0.33,1.15,"7,666,704,427.00",1.43,0.01,35.3, Lilongwe ,63.8,349,0.12, English ,0.11,0.04,"18,628,747.00",0.77,0.17,0.35,0.06,"3,199,301.00",-13.25,34.3
 Malaysia ,99, MY ,0.26,"329,847","136,000",16.75,60, Kuala Lumpur ,"248,289.00",121.46,0.01, MYR ,2,0.68,0.45,"364,701,517,788.00",1.05,0.45,6.7, Johor Bahru ,76,29,0.93, Malaysian language ,0.37,1.51,"32,447,385.00",0.64,0.12,0.39,0.03,"24,475,766.00",4.21,101.98
 Maldives ,"1,802.00", MV ,0.26,298,"5,000",14.2,960, Mal� ,"1,445.00",99.7,0,,1.87,0.03,1.63,"5,729,248,472.00",0.97,0.31,7.4, Mal� ,78.6,53,, Divehi ,0.16,4.56,"530,953.00",0.7,0.2,0.3,0.06,"213,645.00",3.2,73.22
 Mali ,17, ML ,0.34,"1,240,192","18,000",41.54,223, Bamako ,"3,179.00",108.73,-0.02, XOF ,5.88,0.04,1.12,"17,510,141,171.00",0.76,0.05,62, Bamako ,58.9,562,0.23, French ,0.46,0.13,"19,658,031.00",0.71,0.12,0.55,0.07,"8,479,688.00",17.57,-4
 Malta ,"1,380.00", MT ,0.32,316,"2,000",9.2,356, Valletta ,"1,342.00",113.45,0.02, EUR ,1.23,0.01,1.36,"14,786,156,563.00",1.05,0.54,6.1, Birkirkara ,82.3,6,5.07, Maltese ,0.37,2.86,"502,653.00",0.57,0.26,0.44,0.03,"475,902.00",35.94,14.38
 Marshall Islands ,329, MH ,0.64,181,,29.03,692, Majuro ,143,,, USD ,4.05,0.7,1.44,"221,278,000.00",0.85,0.24,27.4, Majuro ,65.2,,2, Marshallese ,0.1,0.42,"58,791.00",,0.18,0.66,,"45,514.00",7.13,171.18
 Mauritania ,5, MR ,0.39,"1,030,700","21,000",33.69,222, Nouakchott ,"2,739.00",135.02,0.02, MRU ,4.56,0,1.13,"7,593,752,450.00",1,0.05,51.5, Nouakchott ,64.7,766,0.53, Arabic ,0.48,0.19,"4,525,696.00",0.46,,0.67,0.1,"2,466,821.00",21.01,-10.94
 Mauritius ,626, MU ,0.42,"2,040","3,000",10.2,230, Port Louis ,"4,349.00",129.91,0, MUR ,1.41,0.19,1.12,"14,180,444,557.00",1.01,0.41,13.6, Port Louis ,74.4,61,0.38, French ,0.51,2.53,"1,265,711.00",0.58,0.19,0.22,0.07,"515,980.00",-20.35,57.55
 Mexico ,66, MX ,0.55,"1,964,375","336,000",17.6,52, Mexico City ,"486,406.00",141.54,0.04, MXN ,2.13,0.34,0.73,"1,258,286,717,125.00",1.06,0.4,11, Mexico City ,75,33,0.49, None ,0.41,2.38,"126,014,024.00",0.61,0.13,0.55,0.03,"102,626,859.00",23.63,-102.55
 Federated States of Micronesia ,784, FM ,0.31,702,,22.82,691, Palikir ,143,112.1,0.01, USD ,3.05,0.92,,"401,932,279.00",0.97,0.14,25.6, Palikir ,67.8,88,, English ,0.03,0.18,"113,815.00",,0.25,0.61,,"25,963.00",7.43,150.55
 Republic of Moldova ,123, MD ,0.74,"33,851","7,000",10.1,373, Chi���� ,"5,115.00",166.2,0.05, MDL ,1.26,0.13,0.8,"11,955,435,457.00",0.91,0.4,13.6, Chi���� ,71.8,19,0.31, Romanian ,0.46,3.21,"2,657,637.00",0.43,0.18,0.39,0.05,"1,135,502.00",47.41,28.37
 Monaco ,"26,337.00", MC ,,2,,5.9,377, Monaco City ,,,, EUR ,,,2,"7,184,844,193.00",,,2.6, Monaco City ,,,11.72, French ,0.06,6.56,"38,964.00",,,,,"38,964.00",43.74,7.42
 Mongolia ,2, MN ,0.72,"1,564,116","18,000",24.13,976, Ulaanbaatar ,"25,368.00",195.76,0.07, MNT ,2.9,0.08,0.72,"13,852,850,259.00",1.04,0.66,14, Ulaanbaatar ,69.7,45,0.65, Mongolian ,0.39,2.86,"3,225,167.00",0.6,0.17,0.26,0.06,"2,210,626.00",46.86,103.85
 Montenegro ,47, ME ,0.19,"13,812","12,000",11.73,382, Podgorica ,"2,017.00",116.32,0.03, EUR ,1.75,0.62,1.16,"5,494,736,901.00",1,0.56,2.3, Podgorica ,76.8,6,1.23, Montenegrin language ,0.32,2.76,"622,137.00",0.54,,0.22,0.15,"417,765.00",42.71,19.37
 Morocco ,83, MA ,0.69,"446,550","246,000",18.94,212, Rabat ,"61,276.00",111.07,0, MAD ,2.42,0.13,0.99,"118,725,279,596.00",1.14,0.36,19.2, Casablanca ,76.5,70,1.6, Arabic ,0.53,0.73,"36,910,560.00",0.45,0.22,0.46,0.09,"22,975,026.00",31.79,-7.09
 Mozambique ,40, MZ ,0.64,"799,380","11,000",37.52,258, Maputo ,"7,943.00",182.31,0.03, MZN ,4.85,0.48,0.65,"14,934,159,926.00",1.13,0.07,54, Maputo ,60.2,289,0.27, Portuguese ,0.07,0.08,"30,366,036.00",0.78,,0.36,0.03,"11,092,106.00",-18.67,35.53
 Myanmar ,83, MM ,0.2,"676,578","513,000",17.55,95, Naypyidaw ,"25,280.00",168.18,0.09, MMK ,2.15,0.44,0.54,"76,085,852,617.00",1.12,0.19,36.8, Yangon ,66.9,250,0.39, Burmese ,0.74,0.68,"54,045,420.00",0.62,0.05,0.31,0.02,"16,674,093.00",21.92,95.96
 Namibia ,3,,0.47,"824,292","16,000",28.64,264, Windhoek ,"4,228.00",157.97,0.04,,3.4,0.08,0.76,"12,366,527,719.00",1.24,0.23,29, Windhoek ,63.4,195,, English ,0.08,0.42,"2,494,530.00",0.6,0.27,0.21,0.2,"1,273,258.00",-22.96,18.49
 Nauru ,541, NR ,,21,,,674, Yaren District ,,,, AUD ,,,,"133,000,000.00",,,,,,,, English ,,,"10,084.00",,,,,,-0.52,166.93
 Nepal ,203, NP ,0.29,"147,181","112,000",19.89,977, Kathmandu ,"9,105.00",188.73,0.06, NPR ,1.92,0.25,0.91,"30,641,380,604.00",1.42,0.12,26.7, Kathmandu ,70.5,186,0.36, Nepali ,0.6,0.75,"28,608,710.00",0.84,0.21,0.42,0.01,"5,765,513.00",28.39,84.12
 Netherlands ,508, NL ,0.53,"41,543","41,000",9.7,31, Amsterdam ,"170,780.00",115.91,0.03,,1.59,0.11,1.68,"909,070,395,161.00",1.04,0.85,3.3, Amsterdam ,81.8,5,10.29, Dutch ,0.12,3.61,"17,332,850.00",0.64,0.23,0.41,0.03,"15,924,729.00",52.13,5.29
 New Zealand ,18, NZ ,0.41,"268,838","9,000",11.98,64, Wellington ,"34,382.00",114.24,0.02, NZD ,1.71,0.39,1.4,"206,928,765,544.00",1,0.82,4.7, Auckland ,81.9,9,11.49, English ,0.13,3.59,"4,841,000.00",0.7,0.29,0.35,0.04,"4,258,860.00",-40.9,174.89
 Nicaragua ,55, NI ,0.42,"130,370","12,000",20.64,505, Managua ,"5,592.00",162.74,0.05, NIO ,2.4,0.26,0.91,"12,520,915,291.00",1.21,0.17,15.7, Managua ,74.3,98,0.54, Spanish ,0.36,0.98,"6,545,502.00",0.66,0.16,0.61,0.07,"3,846,137.00",12.87,-85.21
 Niger ,19, NE ,0.36,"1,267,000","10,000",46.08,227, Niamey ,"2,017.00",109.32,-0.03, XOF ,6.91,0.01,0.88,"12,928,145,120.00",0.75,0.04,48, Niamey ,62,509,0.29, French ,0.52,0.04,"23,310,715.00",0.72,0.12,0.47,0,"3,850,231.00",17.61,8.08
 Nigeria ,226, NG ,0.78,"923,768","215,000",37.91,234, Abuja ,"120,369.00",267.51,0.11, NGN ,5.39,0.07,0.46,"448,120,428,859.00",0.85,0.1,75.7, Lagos ,54.3,917,0.54, English ,0.72,0.38,"200,963,599.00",0.53,0.02,0.35,0.08,"102,806,948.00",9.08,8.68
 North Korea ,214, KP ,0.22,"120,538","1,469,000",13.89,850, Pyongyang ,"28,284.00",,, KPW ,1.9,0.41,0.58,"32,100,000,000.00",1.13,0.27,13.7, Pyongyang ,72.1,89,, Korean ,,3.67,"25,666,161.00",0.8,,,0.03,"15,947,412.00",40.34,127.51
 North Macedonia ,83,,,"25,713",,,389, Skopje ,,,, MKD ,,,,"10,220,781,069.00",,,, Skopje ,,,, Macedonian ,0.36,,"1,836,713.00",,,,,,41.61,21.75
 Norway ,15, NO ,0.03,"323,802","23,000",10.4,47, Oslo ,"41,023.00",120.27,0.02, NOK ,1.56,0.33,1.78,"403,336,363,636.00",1,0.82,2.1, Oslo ,82.8,2,, Norwegian ,0.14,2.92,"5,347,896.00",0.64,0.24,0.36,0.03,"4,418,218.00",60.47,8.47
 Oman ,16, OM ,0.05,"309,500","47,000",19.19,968, Muscat ,"63,457.00",113.53,0, OMR ,2.89,,0.45,"76,983,094,928.00",1.03,0.38,9.8, Seeb ,77.6,19,4.33, Arabic ,0.06,2,"5,266,535.00",0.72,0.03,0.27,0.03,"4,250,777.00",21.47,55.98
 Pakistan ,287, PK ,0.48,"796,095","936,000",28.25,92, Islamabad ,"201,150.00",182.32,0.11, PKR ,3.51,0.02,0.79,"304,400,000,000.00",0.94,0.09,57.2, Karachi ,67.1,140,0.69, Urdu ,0.67,0.98,"216,565,318.00",0.53,0.09,0.34,0.04,"79,927,762.00",30.38,69.35
 Palau ,39, PW ,0.11,459,,14,680, Ngerulmud ,224,118.17,0.01, USD ,2.21,0.88,,"283,994,900.00",1.13,0.55,16.6, Koror ,69.1,,3, English ,0.22,1.18,"18,233.00",,0.21,0.77,,"14,491.00",7.51,134.58
Palestine,847,,,,,,,,,,,,,,,,,,,,,,, Arabic ,,,,,,,,,31.95,35.23
 Panama ,58, PA ,0.3,"75,420.00","26,000.00",18.98,507, Panama City ,"10,715.00",122.07,0,,2.46,0.62,0.74,"66,800,800,000.00",0.94,0.48,13.1, Panama City ,78.3,52,1.53, Spanish ,0.31,1.57,"4,246,439.00",0.67,,0.37,0.04,"2,890,084.00",8.54,-80.78
 Papua New Guinea ,20, PG ,0.03,"462,840.00","4,000.00",27.07,675, Port Moresby ,"7,536.00",155.99,0.04, PGK ,3.56,0.74,1.36,"24,969,611,435.00",1.09,0.02,38, Port Moresby ,64.3,145,1.16, Tok Pisin ,0.06,0.07,"8,776,109.00",0.47,0.14,0.37,0.02,"1,162,834.00",-6.31,143.96
 Paraguay ,18, PY ,0.55,"406,752.00","27,000.00",20.57,595, Asunci�� ,"7,407.00",143.82,0.03, PYG ,2.43,0.38,1.04,"38,145,288,940.00",1.04,0.35,17.2, Ciudad del Este ,74.1,129,1.55, Spanish ,0.37,1.35,"7,044,636.00",0.72,0.1,0.35,0.05,"4,359,150.00",-23.44,-58.44
 Peru ,26, PE ,0.19,"1,285,216.00","158,000.00",17.95,51, Lima ,"57,414.00",129.78,0.02, PEN ,2.25,0.58,0.99,"226,848,050,820.00",1.07,0.71,11.1, Lima ,76.5,88,1.28, Spanish ,0.31,1.27,"32,510,453.00",0.78,0.14,0.37,0.03,"25,390,339.00",-9.19,-75.02
 Philippines ,368, PH ,0.42,"300,000.00","153,000.00",20.55,63, Manila ,"122,287.00",129.61,0.03, PHP ,2.58,0.28,0.86,"376,795,508,680.00",1.08,0.36,22.5, Manila ,71.1,121,1.12, English ,0.54,0.6,"108,116,615.00",0.6,0.14,0.43,0.02,"50,975,903.00",12.88,121.77
 Poland ,124, PL ,0.47,"312,685.00","191,000.00",10.2,48, Warsaw ,"299,037.00",114.11,0.02, PLN ,1.46,0.31,1.07,"592,164,400,688.00",1,0.68,3.8, Warsaw ,77.6,2,2.93, Polish ,0.23,2.38,"37,970,874.00",0.57,0.17,0.41,0.03,"22,796,574.00",51.92,19.15
 Portugal ,111, PT ,0.4,"92,212.00","52,000.00",8.5,351, Lisbon ,"48,742.00",110.62,0, EUR ,1.38,0.35,1.54,"237,686,075,635.00",1.06,0.64,3.1, Lisbon ,81.3,8,3.78, Portuguese ,0.28,5.12,"10,269,417.00",0.59,0.23,0.4,0.06,"6,753,579.00",39.4,-8.22
 Qatar ,248, QA ,0.06,"11,586.00","22,000.00",9.54,974, Doha ,"103,259.00",115.38,-0.01, QAR ,1.87,,0.4,"183,466,208,791.00",1.04,0.18,5.8, Doha ,80.1,9,, Arabic ,0.06,2.49,"2,832,067.00",0.87,0.15,0.11,0,"2,809,071.00",25.35,51.18
 Romania ,84, RO ,0.59,"238,391.00","126,000.00",9.6,40, Bucharest ,"69,259.00",123.78,0.04, RON ,1.71,0.3,1.16,"250,077,444,017.00",0.85,0.49,6.1, Bucharest ,75.4,19,2.25, Romanian ,0.21,2.98,"19,356,544.00",0.55,0.15,0.2,0.04,"10,468,793.00",45.94,24.97
 ROC ,9, RU ,0.13,"17,098,240.00","1,454,000.00",11.5,7, Moscow ,"1,732,027.00",180.75,0.05, RUB ,1.57,0.5,0.59,"1,699,876,578,871.00",1.03,0.82,6.1, Moscow ,72.7,17,0.53, Russian ,0.36,4.01,"144,373,535.00",0.62,0.11,0.46,0.05,"107,683,889.00",61.52,105.32
 Rwanda ,525, RW ,0.73,"26,338.00","35,000.00",31.7,250, Kigali ,"1,115.00",151.09,0.03, RWF ,4.04,0.2,1.17,"10,122,472,590.00",1.33,0.07,27, Kigali ,68.7,248,, Swahili ,0.26,0.13,"12,626,950.00",0.84,0.14,0.33,0.01,"2,186,104.00",-1.94,29.87
 Saint Kitts and Nevis ,205, KN ,0.23,261,,12.6,1, Basseterre ,238,104.57,-0.01, XCD ,2.11,0.42,,"1,050,992,593.00",1.09,0.87,9.8, Basseterre ,71.3,,3.33, English ,0.57,2.52,"52,823.00",,0.19,0.5,,"16,269.00",17.36,-62.78
 Saint Lucia ,301, LC ,0.17,616,,12,1, Castries ,414,110.13,0.02, XCD ,1.44,0.33,1.3,"2,122,450,630.00",1.03,0.14,14.9, Castries ,76.1,117,, English ,0.48,0.64,"182,790.00",0.67,0.18,0.35,0.21,"34,280.00",13.91,-60.98
 Saint Vincent and the Grenadines ,284, VC ,0.26,389,,14.24,1, Kingstown ,220,109.67,0.02, XCD ,1.89,0.69,,"825,385,185.00",1.13,0.24,14.8, Calliaqua ,72.4,68,1.16, English ,0.21,0.66,"100,455.00",0.66,0.25,0.37,0.19,"58,185.00",12.98,-61.29
American Samoa ,70, WS ,0.12,"2,831.00",,24.38,685, Apia ,246,117.56,0.01, WST ,3.88,0.6,0.91,"850,655,017.00",1.11,0.08,13.6, Apia ,73.2,43,0.78, Samoan ,0.12,0.34,"202,506.00",0.44,0.26,0.19,0.08,"35,588.00",-13.76,-172.1
 San Marino ,566, SM ,0.17,61,,6.8,378, City of San Marino ,,110.63,0.01, EUR ,1.26,,,"1,637,931,034.00",1.08,0.43,1.7, City of San Marino ,85.4,,, Italian ,0.18,6.11,"33,860.00",,0.18,0.36,,"32,969.00",43.94,12.46
 S����������� ,228, ST ,0.51,964,"1,000.00",31.54,239, S���� ,121,185.09,0.08, STN ,4.32,0.56,,"429,016,605.00",1.07,0.13,24.4, S���� ,70.2,130,,,0.12,0.05,"215,056.00",0.58,0.15,0.37,0.13,"158,277.00",,
 Kingdom of Saudi Arabia ,16, SA ,0.81,"2,149,690.00","252,000.00",17.8,966, Riyadh ,"563,449.00",118.4,-0.01, SAR ,2.32,0.01,0.24,"792,966,838,162.00",1,0.68,6, Riyadh ,75,17,3.85, Arabic ,0.15,2.61,"34,268,528.00",0.56,0.09,0.16,0.06,"28,807,838.00",23.89,45.08
 Senegal ,87, SN ,0.46,"196,722.00","19,000.00",34.52,221, Dakar ,"10,902.00",109.25,0.02, XOF ,4.63,0.43,1.14,"23,578,084,052.00",0.81,0.13,31.8, Pikine ,67.7,315,0.31, French ,0.44,0.07,"16,296,364.00",0.46,0.16,0.45,0.07,"7,765,706.00",14.5,-14.45
 Serbia ,100, RS ,0.39,"77,474.00","32,000.00",9.2,381, Belgrade ,"45,221.00",144,0.02, RSD ,1.49,0.31,1.16,"51,409,167,351.00",1,0.67,4.8, Belgrade ,75.5,12,1.57, Serbian ,0.41,3.11,"6,944,975.00",0.55,0.19,0.37,0.13,"3,907,243.00",44.02,21.01
 Seychelles ,214, SC ,0.03,455,,17.1,248," Victoria, Seychelles ",605,129.96,0.02, SCR ,2.41,0.88,,"1,698,843,063.00",1,0.17,12.4," Victoria, Seychelles ",72.8,53,2, French ,0.03,0.95,"97,625.00",,0.34,0.3,,"55,762.00",-4.68,55.49
 Sierra Leone ,111, SL ,0.55,"71,740.00","9,000.00",33.41,232, Freetown ,"1,093.00",234.16,0.15, SLL ,4.26,0.43,1.08,"3,941,474,311.00",1.13,0.02,78.5, Freetown ,54.3,"1,120.00",0.57, English ,0.38,0.03,"7,813,215.00",0.58,0.09,0.31,0.04,"3,319,366.00",8.46,-11.78
 Singapore ,"8,358.00", SG ,0.01,716,"81,000.00",8.8,65,,"37,535.00",114.41,0.01, SGD ,1.14,0.23,1.25,"372,062,527,489.00",1.01,0.85,2.3,,83.1,8,, Malay ,0.37,2.29,"5,703,569.00",0.71,0.13,0.21,0.04,"5,703,569.00",1.35,103.82
 Slovakia ,114, SK ,0.39,"49,035.00","16,000.00",10.6,421, Bratislava ,"32,424.00",115.34,0.03, EUR ,1.52,0.4,1.32,"105,422,304,976.00",0.99,0.47,4.6, Bratislava ,77.2,5,3.11, Slovak ,0.18,3.42,"5,454,073.00",0.6,0.19,0.5,0.06,"2,930,419.00",48.67,19.7
 Slovenia ,103, SI ,0.31,"20,273.00","7,000.00",9.4,386, Ljubljana ,"12,633.00",111.05,0.02, EUR ,1.6,0.62,1.32,"53,742,159,517.00",1,0.79,1.7, Ljubljana ,81,7,5.25, Slovene language ,0.13,3.09,"2,087,946.00",0.58,0.19,0.31,0.04,"1,144,654.00",46.15,15
 Solomon Islands ,25, SB ,0.04,"28,896.00",,32.44,677, Honiara ,169,133.06,0.02, SBD ,4.4,0.78,,"1,425,074,226.00",1.06,,17.1, Honiara ,72.8,104,0.4, English ,0.03,0.19,"669,823.00",0.84,0.3,0.32,0.01,"162,164.00",-9.65,160.16
 Somalia ,25, SO ,0.7,"637,657.00","20,000.00",41.75,252, Mogadishu ,645,,, SOS ,6.07,0.1,1.41,"4,720,727,278.00",0.23,0.03,76.6, Bosaso ,57.1,829,, Arabic ,,0.02,"15,442,905.00",0.47,,,0.11,"7,034,861.00",5.15,46.2
 South Africa ,49, ZA ,0.8,"1,219,090.00","80,000.00",20.51,27, Pretoria ,"476,644.00",158.93,0.04, ZAR ,2.41,0.08,0.92,"351,431,649,241.00",1.01,0.22,28.5, Johannesburg ,63.9,119,, Afrikaans ,0.08,0.91,"58,558,270.00",0.56,0.28,0.29,0.28,"39,149,717.00",-30.56,22.94
 Republic of Korea ,527, KR ,0.17,"99,720.00","634,000.00",6.4,82, Seoul ,"620,302.00",115.16,0, KRW ,0.98,0.63,1.22,"2,029,000,000,000.00",0.98,0.94,2.7, Seoul ,82.6,11,6.49, Korean ,0.37,2.36,"51,709,098.00",0.63,0.16,0.33,0.04,"42,106,719.00",35.91,127.77
 South Sudan ,18, SS ,,"644,329.00","185,000.00",35.01,211, Juba ,"1,727.00","4,583.71",1.88, SSP ,4.7,,0.28,"11,997,800,751.00",0.73,,63.7, Juba ,57.6,"1,150.00",, English ,0.61,,"11,062,113.00",0.72,,0.31,0.12,"2,201,250.00",6.88,31.31
 Spain ,94, ES ,0.53,"505,370.00","196,000.00",7.9,34, Madrid ,"244,002.00",110.96,0.01, EUR ,1.26,0.37,1.26,"1,394,116,310,769.00",1.03,0.89,2.5, Madrid ,83.3,4,5.6, Spanish ,0.24,3.87,"47,076,781.00",0.58,0.14,0.47,0.14,"37,927,409.00",40.46,-3.75
 Sri Lanka ,341, LK ,0.44,"65,610.00","317,000.00",15.83,94, Colombo ,"23,362.00",155.53,0.04, LKR ,2.2,0.33,0.88,"84,008,783,756.00",1,0.2,6.4, Colombo ,76.8,36,0.35, Tamil ,0.38,1,"21,803,000.00",0.54,0.12,0.55,0.04,"4,052,088.00",7.87,80.77
 Sudan ,25, SD ,0.29,"1,861,484.00","124,000.00",32.18,249, Khartoum ,"20,000.00","1,344.19",0.51, SDG ,4.41,0.08,0.95,"18,902,284,476.00",0.77,0.17,42.1, Omdurman ,65.1,295,0.41, Arabic ,0.63,0.26,"42,813,238.00",0.48,0.08,0.45,0.17,"14,957,233.00",12.86,30.22
 Suriname ,4, SR ,0.01,"163,820.00","2,000.00",18.54,597, Paramaribo ,"1,738.00",294.66,0.22, SRD ,2.42,0.98,1.29,"3,985,250,737.00",1.09,0.13,16.9, Paramaribo ,71.6,120,, Dutch ,0.1,1.21,"581,372.00",0.51,0.2,0.28,0.07,"384,258.00",3.92,-56.03
 Sweden ,25, SE ,0.07,"450,295.00","30,000.00",11.4,46, Stockholm ,"43,252.00",110.51,0.02, SEK ,1.76,0.69,1.42,"530,832,908,738.00",1.27,0.67,2.2, S����� ,82.5,4,, Swedish ,0.15,3.98,"10,285,453.00",0.65,0.28,0.49,0.06,"9,021,165.00",60.13,18.64
 Switzerland ,219, CH ,0.38,"41,277.00","21,000.00",10,41, Bern ,"34,477.00",99.55,0, CHF ,1.52,0.32,1.45,"703,082,435,360.00",1.05,0.6,3.7, Z��� ,83.6,5,, German ,0.28,4.3,"8,574,832.00",0.68,0.1,0.29,0.05,"6,332,428.00",46.82,8.23
 Syrian Arab Republic ,95, SY ,0.76,"185,180.00","239,000.00",23.69,963, Damascus ,"28,830.00",143.2,0.37, SYP ,2.81,0.03,0.83,"40,405,006,007.00",0.82,0.4,14, Damascus ,71.8,31,1.02, Arabic ,0.54,1.22,"17,070,135.00",0.44,0.14,0.43,0.08,"9,358,019.00",34.8,39
 Tajikistan ,68, TJ ,0.34,"144,100.00","17,000.00",30.76,992, Dushanbe ,"5,310.00",148.57,0.06, TJS ,3.59,0.03,0.71,"8,116,626,794.00",1.01,0.31,30.4, Dushanbe ,70.9,17,0.23, Persian ,0.63,1.7,"9,321,018.00",0.42,0.1,0.67,0.11,"2,545,477.00",38.86,71.28
United Republic of Tanzania,67, TZ ,0.45,"947,300.00","28,000.00",36.7,255, Dodoma ,"11,973.00",187.43,0.04, TZS ,4.89,0.52,0.87,"63,177,068,175.00",0.94,0.04,37.6, Dar es Salaam ,65,524,0.09, Swahili ,0.26,0.01,"58,005,463.00",0.83,0.12,0.44,0.02,"20,011,885.00",-6.37,34.89
 Thailand ,137, TH ,0.43,"513,120.00","455,000.00",10.34,66, Bangkok ,"283,763.00",113.27,0.01, THB ,1.53,0.32,0.71,"543,649,976,166.00",1,0.49,7.8, Bangkok ,76.9,37,1.06, Thai ,0.12,0.81,"69,625,582.00",0.67,0.15,0.3,0.01,"35,294,600.00",15.87,100.99
Timor-Leste,89, TL ,0.26,"14,874.00","2,000.00",29.42,670, Dili ,495,145.38,0.03, USD ,4.02,0.45,1.1,"1,673,540,300.00",1.15,0.18,39.3, Dili ,69.3,142,0.6, Portuguese ,0.1,0.72,"3,500,000.00",0.67,0.25,0.17,0.05,"400,182.00",-8.87,125.73
 Togo ,152, TG ,0.7,"56,785.00","10,000.00",33.11,228, Lom� ,"3,000.00",113.3,0.01, XOF ,4.32,0.03,0.71,"5,459,979,417.00",1.24,0.15,47.4, Lom� ,60.8,396,0.34, French ,0.51,0.08,"8,082,366.00",0.78,0.17,0.48,0.02,"3,414,638.00",8.62,0.82
 Tonga ,147, TO ,0.46,747,,24.3,676, Nuku���� ,128,121.09,0.07, TOP ,3.56,0.13,,"450,353,314.00",1.16,0.06,13.4, Nuku���� ,70.8,52,, Tongan Language ,0.1,0.52,"100,209.00",0.6,0.22,0.28,0.01,"24,145.00",-21.18,-175.2
 Trinidad and Tobago ,273, TT ,0.11,"5,128.00","4,000.00",12.94,1, Port of Spain ,"43,868.00",141.75,0.01, TTD ,1.73,0.46,0.54,"24,100,202,834.00",1.06,0.12,16.4, Chaguanas ,73.4,67,2.25, English ,0.37,4.17,"1,394,973.00",0.6,0.2,0.41,0.03,"741,944.00",10.69,-61.22
 Tunisia ,76, TN ,0.65,"163,610.00","48,000.00",17.56,216, Tunis ,"29,937.00",155.33,0.07, TND ,2.2,0.07,0.73,"38,797,709,924.00",1.15,0.32,14.6, Tunis ,76.5,43,0.47, Arabic ,0.4,1.3,"11,694,719.00",0.46,0.21,0.61,0.16,"8,099,061.00",33.89,9.54
 Türkiye ,110, TR ,0.5,"783,562.00","512,000.00",16.03,90, Ankara ,"372,725.00",234.44,0.15, TRY ,2.07,0.15,1.42,"754,411,708,203.00",0.93,0.24,9.1, Istanbul ,77.4,17,3.45, Turkish ,0.17,1.85,"83,429,615.00",0.53,0.18,0.42,0.13,"63,097,818.00",38.96,35.24
 Turkmenistan ,13, TM ,0.72,"488,100.00","42,000.00",23.83,993, Ashgabat ,"70,630.00",,, TMT ,2.79,0.09,0.29,"40,761,142,857.00",0.88,0.08,39.3, Ashgabat ,68.1,7,0.88, Turkmen ,0.71,2.22,"5,942,089.00",0.65,,,0.04,"3,092,738.00",38.97,59.56
 Tuvalu ,393, TV ,0.6,26,,,688, Funafuti ,11,,, AUD ,,0.33,,"47,271,463.00",0.86,,20.6, Singapore ,,,, Tuvaluan Language ,0.01,0.92,"11,646.00",,,,,"7,362.00",-7.11,177.65
 Uganda ,229, UG ,0.72,"241,038.00","46,000.00",38.14,256, Kampala ,"5,680.00",173.87,0.03, UGX ,4.96,0.1,0.94,"34,387,229,486.00",1.03,0.05,33.8, Buganda ,63,375,0.01, Swahili ,0.41,0.17,"44,269,594.00",0.7,0.12,0.34,0.02,"10,784,516.00",1.37,32.29
 Ukraine ,75, UA ,0.72,"603,550.00","297,000.00",8.7,380, Kyiv ,"202,250.00",281.66,0.08, UAH ,1.3,0.17,0.83,"153,781,069,118.00",0.99,0.83,7.5, Kyiv ,71.6,19,0.84, Ukrainian ,0.48,2.99,"44,385,155.00",0.54,0.2,0.45,0.09,"30,835,699.00",48.38,31.17
 United Arab Emirates ,118, AE ,0.06,"83,600.00","63,000.00",10.33,971, Abu Dhabi ,"206,324.00",114.52,-0.02, AED ,1.41,0.05,0.49,"421,142,267,938.00",1.08,0.37,6.5, Dubai ,77.8,3,, Arabic ,0.18,2.53,"9,770,529.00",0.82,0,0.16,0.02,"8,479,744.00",23.42,53.85
 Great Britain ,281, GB ,0.72,"243,610.00","148,000.00",11,44, London ,"379,025.00",119.62,0.02, GBP ,1.68,0.13,1.46,"2,827,113,184,696.00",1.01,0.6,3.6, London ,81.3,7,10.13, English ,0.15,2.81,"66,834,405.00",0.63,0.26,0.31,0.04,"55,908,316.00",55.38,-3.44
 United States ,36, US ,0.44,"9,833,517.00","1,359,000.00",11.6,1," Washington, D.C. ","5,006,302.00",117.24,0.08, USD ,1.73,0.34,0.71,"21,427,700,000,000.00",1.02,0.88,5.6, New York City ,78.5,19,7.25, None ,0.11,2.61,"328,239,523.00",0.62,0.1,0.37,0.15,"270,663,028.00",37.09,-95.71
 Uruguay ,20, UY ,0.83,"176,215.00","22,000.00",13.86,598, Montevideo ,"6,766.00",202.92,0.08, UYU ,1.97,0.11,1.5,"56,045,912,952.00",1.09,0.63,6.4, Montevideo ,77.8,17,1.66, Spanish ,0.16,5.05,"3,461,734.00",0.64,0.2,0.42,0.09,"3,303,394.00",-32.52,-55.77
 Uzbekistan ,79, UZ ,0.63,"447,400.00","68,000.00",23.3,998, Tashkent ,"91,811.00",,, UZS ,2.42,0.08,1.03,"57,921,286,440.00",1.04,0.1,19.1, Tashkent ,71.6,29,0.24, Uzbek ,0.43,2.37,"33,580,650.00",0.65,0.15,0.32,0.06,"16,935,729.00",41.38,64.59
 Vanuatu ,25, VU ,0.15,"12,189.00",,29.6,678, Port Vila ,147,117.13,0.03, VUV ,3.78,0.36,1.31,"917,058,851.00",1.09,0.05,22.3, Port Vila ,70.3,72,1.56, French ,0.09,0.17,"299,882.00",0.7,0.18,0.09,0.04,"76,152.00",-15.38,166.96
 Venezuela ,32, VE ,0.25,"912,050.00","343,000.00",17.88,58, Caracas ,"164,175.00","2,740.27",2.55, VED ,2.27,0.53,,"482,359,318,768.00",0.97,0.79,21.4, Caracas ,72.1,125,0.01, Spanish ,0.46,1.92,"28,515,829.00",0.6,,0.73,0.09,"25,162,368.00",6.42,-66.59
 Vietnam ,314, VN ,0.39,"331,210.00","522,000.00",16.75,84, Hanoi ,"192,668.00",163.52,0.03, VND ,2.05,0.48,0.8,"261,921,244,843.00",1.11,0.29,16.5, Ho Chi Minh City ,75.3,43,0.73, Vietnamese ,0.44,0.82,"96,462,106.00",0.77,0.19,0.38,0.02,"35,332,140.00",14.06,108.28
 Yemen ,56, YE ,0.45,"527,968.00","40,000.00",30.45,967, Sanaa ,"10,609.00",157.58,0.08, YER ,3.79,0.01,0.92,"26,914,402,224.00",0.94,0.1,42.9, Sanaa ,66.1,164,, Arabic ,0.81,0.31,"29,161,922.00",0.38,,0.27,0.13,"10,869,523.00",15.55,48.52
 Zambia ,25, ZM ,0.32,"752,618.00","16,000.00",36.19,260, Lusaka ,"5,141.00",212.31,0.09, ZMW ,4.63,0.65,1.4,"23,064,722,446.00",0.99,0.04,40.4, Lusaka ,63.5,213,0.24, English ,0.28,1.19,"17,861,030.00",0.75,0.16,0.16,0.11,"7,871,713.00",-13.13,27.85
 Zimbabwe ,38, ZW ,0.42,"390,757.00","51,000.00",30.68,263, Harare ,"10,983.00",105.51,0.01,,3.62,0.36,1.34,"21,440,758,800.00",1.1,0.1,33.9, Harare ,61.2,458,, Shona ,0.26,0.21,"14,645,468.00",0.83,0.21,0.32,0.05,"4,717,305.00",-19.02,29.15
